"Story ID","Area","Persona","Feature","User Story","Expected Behavior","Code Evidence","Automated Evidence","Coverage","Execution Status","Defect IDs","Observed Errors","Fix Evidence","Retest Status","Last Verified"
"AUTH-001","Authentication","Visitor","Role-aware entry","As a visitor, I want the root URL to send me to the correct entry point so I do not land on an irrelevant screen.","An unauthenticated request resolves to sign-in; an active Educator resolves to assigned children; an active Admin resolves to pilot access.","app/page.tsx; lib/help-review/server-navigation.ts","tests/e2e/user-story-behaviors.spec.ts - root entry resolves by authentication and role","EXISTING","PASS","","","","PASS","2026-07-15"
"AUTH-002","Authentication","Educator","Educator sign-in","As a provisioned Educator, I want to establish a session so I can reach my assigned work.","Selecting an active Educator profile creates a signed HTTP-only session and navigates to assigned children or a validated return path.","app/sign-in/page.tsx; app/api/session/route.ts; lib/help-review/server-auth.ts","tests/e2e/platform-smoke.spec.ts - educator navigation and review decision editing work","EXISTING","PASS","","","","PASS","2026-07-15"
"AUTH-003","Authentication","Administrator","Admin sign-in","As a provisioned Admin, I want to establish an Admin session so I can manage access and failed jobs.","Selecting the active Admin profile creates a session and navigates to pilot access with Admin-only navigation.","app/sign-in/page.tsx; app/api/session/route.ts; components/app-header.tsx","tests/e2e/platform-smoke.spec.ts - administrator can inspect access and jobs without overflow","EXISTING","PASS","","","","PASS","2026-07-15"
"AUTH-004","Authentication","Staff","Safe sign-in failure","As staff, I want a failed sign-in to explain that access could not be confirmed without exposing account details.","A rejected or interrupted sign-in retains no secret, restores available controls, and shows the same non-enumerating error.","app/sign-in/page.tsx; app/api/session/route.ts","tests/e2e/screen-catalog.spec.ts - screen-10 auth-access-unavailable","EXISTING","PASS","","","","PASS","2026-07-15"
"AUTH-005","Authentication","Staff","Session projection","As signed-in staff, I want the application to identify my current role without exposing protected identity-provider data.","GET session returns only the public user projection; missing, forged, expired, or deactivated sessions return 401.","app/api/session/route.ts; lib/help-review/public-projections.ts; lib/help-review/server-auth.ts","tests/e2e/workflow-contracts.spec.ts - health and public errors contain no protected runtime configuration; lib/help-review/server-auth.test.ts","EXISTING","PASS","","","","PASS","2026-07-15"
"AUTH-006","Authentication","Staff","Sign out","As signed-in staff, I want to sign out so the current browser session can no longer access protected records.","Sign out clears the session cookie, replaces the current route with sign-in, and subsequent protected requests fail.","components/app-header.tsx; app/api/session/route.ts","tests/e2e/user-story-behaviors.spec.ts - support is actionable and sign-out clears the session","EXISTING","PASS","","","","PASS","2026-07-15"
"AUTH-007","Authentication","Staff","Session expiry recovery","As staff whose session ended, I want to sign in again and safely resume my authorized route.","The expiry page explains that saved work remains, preserves only a safe local return path, and routes through sign-in.","app/session-expired/page.tsx; lib/help-review/return-path.ts","tests/e2e/accessibility.spec.ts - sign-in reflows; tests/e2e/screen-catalog.spec.ts - screen-11 session-expired","EXISTING","PASS","","","","PASS","2026-07-15"
"AUTH-008","Authentication","Staff","Safe return target","As staff, I want post-login navigation to preserve only application-local routes so an attacker cannot redirect me externally.","Approved relative paths and route-specific query parameters survive; external, malformed, and protected query data fall back to the role home.","app/sign-in/page.tsx; lib/help-review/return-path.ts","tests/e2e/workflow-contracts.spec.ts - signed sessions origins roles and return paths fail closed; lib/help-review/return-path.test.ts","EXISTING","PASS","","","","PASS","2026-07-15"
"AUTH-009","Authentication","Staff","Provision enforcement","As an administrator, I want deactivation to take effect on the next request so removed staff cannot continue using an old session.","Every session check also requires an active provision; deactivation causes the next request to return 401.","lib/help-review/server-auth.ts; lib/help-review/admin-access-service.ts","tests/e2e/workflow-contracts.spec.ts - assignment revocation and access deactivation take effect on the next request","EXISTING","PASS","","","","PASS","2026-07-15"
"AUTH-010","Authentication","Staff","Generic unavailable response","As a user without access, I should not learn whether a protected child, assessment, video, or final record exists.","Missing and unauthorized protected resources use the same 404/public unavailable presentation and retain the internal reason only in redacted support records.","app/unavailable/page.tsx; lib/help-review/server-http.ts; lib/help-review/server-workflow.ts","tests/e2e/screen-catalog.spec.ts - screen-15 resource-unavailable; tests/e2e/workflow-contracts.spec.ts - assignment revocation","EXISTING","PASS","","","","PASS","2026-07-15"
"SHELL-001","Application shell","Staff","Role-specific navigation","As staff, I want navigation that contains only commands relevant to my role.","Educators see Children and Assessments; Admins see Access and Jobs; hidden links do not replace server authorization.","components/app-header.tsx","tests/e2e/platform-smoke.spec.ts; tests/e2e/workflow-contracts.spec.ts - Admin access and processing support commands are scoped","EXISTING","PASS","","","","PASS","2026-07-15"
"SHELL-002","Application shell","Staff","Current navigation state","As staff, I want the current section visibly identified so I can orient myself.","The active primary navigation link is visually distinct and exposes aria-current page.","components/app-header.tsx","tests/e2e/user-story-behaviors.spec.ts - current navigation is announced and sandbox boundary persists","EXISTING","PASS","A11Y-001","Active navigation initially omitted aria-current.","Added aria-current=page to the active Educator and Admin primary links.","PASS","2026-07-15"
"SHELL-003","Application shell","Staff","Support contact","As staff, I want a support entry point when I cannot resolve access or processing problems.","The header and relevant empty/error states expose the configured organization-owned pilot-support mail action without record data; when no valid recipient is configured, the UI shows non-linked guidance instead of a broken mail action.","components/app-header.tsx; app/children/page.tsx; components/assessment-intake.tsx; lib/help-review/support-contact.ts","tests/e2e/user-story-behaviors.spec.ts; lib/help-review/support-contact.test.ts; lib/help-review/runtime-config.test.ts","EXISTING","PASS","UX-001; UX-005","Initial execution found a reserved recipient; the later manual keyboard pass found that an unset recipient still produced a recipient-free mailto link.","Centralized validation now returns no mail action for an unset, malformed, or reserved recipient; all surfaces suppress the link while keeping plain guidance, production requires an organization-owned address, and browser tests use a valid synthetic recipient.","PASS","2026-07-15"
"SHELL-004","Application shell","Staff","Sanitized boundary banner","As a development user, I want a persistent indication that the environment contains sanitized pilot data.","The sanitized environment banner remains visible across application routes and does not overlap navigation or content.","components/app-header.tsx; app/layout.tsx","tests/e2e/user-story-behaviors.spec.ts; tests/e2e/screen-catalog.spec.ts","EXISTING","PASS","","","","PASS","2026-07-15"
"CHILD-001","Assigned children","Educator","Assignment-scoped list","As an Educator, I want to see only children currently assigned to me.","The list API and UI return active assigned children only, ordered deterministically, with minimum approved child context.","app/children/page.tsx; app/api/children/route.ts; lib/help-review/child-service.ts","tests/e2e/workflow-contracts.spec.ts - child history search filters and stale next actions stay assignment-scoped","EXISTING","PASS","","","","PASS","2026-07-15"
"CHILD-002","Assigned children","Educator","List loading state","As an Educator, I want clear feedback while assignments are loading.","The page announces that active assignments are being checked and does not show stale rows or enabled row actions.","app/children/page.tsx; components/page-state.tsx","tests/e2e/user-story-behaviors.spec.ts - child loading and recovery never expose stale assignments","EXISTING","PASS","","","","PASS","2026-07-15"
"CHILD-003","Assigned children","Educator","Child search","As an Educator with several assignments, I want to filter the list by child identifier.","Search is case-insensitive, updates visible rows without changing access scope, and preserves the original list when cleared.","app/children/page.tsx","tests/e2e/user-story-behaviors.spec.ts - assigned-child search filters locally and explains no matches","EXISTING","PASS","","","","PASS","2026-07-15"
"CHILD-004","Assigned children","Educator","No search matches","As an Educator, I want a useful state when no assigned child matches my search.","The page distinguishes no search results from no assignments and suggests changing the identifier.","app/children/page.tsx","tests/e2e/user-story-behaviors.spec.ts - assigned-child search filters locally and explains no matches","EXISTING","PASS","","","","PASS","2026-07-15"
"CHILD-005","Assigned children","Educator","No assignments","As an Educator without assignments, I want to understand why the list is empty and what to do next.","The empty state shows no child data, explains administrator assignment, and offers refresh.","app/children/page.tsx","tests/e2e/screen-catalog.spec.ts - screen-12 assigned-children-empty","EXISTING","PASS","","","","PASS","2026-07-15"
"CHILD-006","Assigned children","Educator","List load recovery","As an Educator, I want to retry a temporary assignment-list failure or sign out.","The failure state discloses no records, offers retry and sign-out, and replaces itself with authoritative data after recovery.","app/children/page.tsx","tests/e2e/user-story-behaviors.spec.ts - child loading and recovery never expose stale assignments; screen-13","EXISTING","PASS","","","","PASS","2026-07-15"
"CHILD-007","Assigned children","Educator","Latest assessment next action","As an Educator, I want each child row to take me to the authoritative next step for the latest assessment.","Rows show current status/date and route to upload, processing, review, summary, or final according to server-derived state.","app/children/page.tsx; lib/help-review/presentation.ts; lib/help-review/child-service.ts","tests/e2e/workflow-contracts.spec.ts - child history search filters and stale next actions stay assignment-scoped","EXISTING","PASS","","","","PASS","2026-07-15"
"CHILD-008","Child detail","Educator","Assigned child detail","As an Educator, I want to inspect an assigned child's approved context and assessment history.","The page shows identifier, age, optional context, processing-permission warning, and only that child's authorized assessments.","app/children/[childId]/page.tsx; app/api/children/[childId]/route.ts","tests/e2e/screen-catalog.spec.ts - screen-14 child-detail-history-v2; workflow assignment-scoped test","EXISTING","PASS","","","","PASS","2026-07-15"
"CHILD-009","Child detail","Educator","Child detail recovery","As an Educator, I want loading and retry behavior when a child detail request is interrupted.","The page announces loading, shows a safe failure without stale data, and retries the same authorized child.","app/children/[childId]/page.tsx","tests/e2e/user-story-behaviors.spec.ts - failed child detail load retries without stale content","EXISTING","PASS","","","","PASS","2026-07-15"
"CHILD-010","Child detail","Educator","Start new assessment","As an Educator, I want to start an observation from an assigned child when processing is permitted.","The action opens intake for that child; when permission is off it opens the blocked intake state instead of accepting a video.","app/children/[childId]/page.tsx; components/assessment-intake.tsx","tests/e2e/accessibility.spec.ts - child navigation and intake; tests/e2e/screen-catalog.spec.ts - screen-20 permission-blocked","EXISTING","PASS","","","","PASS","2026-07-15"
"ASSESS-001","Assessments","Educator","Assessment index","As an Educator, I want a single list of my authorized assessments so I can continue or reopen work.","The index shows child, observation date, status, progress, last update, and the authoritative action for assignment-scoped assessments.","app/assessments/page.tsx; app/api/assessments/route.ts; lib/help-review/assessment-service.ts","tests/e2e/screen-catalog.spec.ts - screen-16 assessments-list","EXISTING","PASS","","","","PASS","2026-07-15"
"ASSESS-002","Assessments","Educator","Status filters","As an Educator, I want to switch between active, finalized, and all assessments.","The selected filter is URL-backed, aria-pressed, and the server returns only the requested authorized statuses.","app/assessments/page.tsx; app/api/assessments/route.ts","tests/e2e/user-story-behaviors.spec.ts - assessment filters and search round-trip through URL; workflow scope tests","EXISTING","PASS","","","","PASS","2026-07-15"
"ASSESS-003","Assessments","Educator","Assessment search","As an Educator, I want to search assessments by child identifier.","Submitting search writes a bounded query to the URL, scopes the server query to assignments, and clearing restores the filter result.","app/assessments/page.tsx; app/api/assessments/route.ts","tests/e2e/user-story-behaviors.spec.ts - assessment filters and search round-trip through URL; workflow bounded query test","EXISTING","PASS","","","","PASS","2026-07-15"
"ASSESS-004","Assessments","Educator","Assessment loading error and empty states","As an Educator, I want distinct feedback for loading, no matches, and request failure.","Loading disables rows; no matches offers assigned children; failure offers retry without showing stale data.","app/assessments/page.tsx; components/page-state.tsx","tests/e2e/user-story-behaviors.spec.ts - assessment failures and empty results remain distinct and recoverable","EXISTING","PASS","","","","PASS","2026-07-15"
"ASSESS-005","Assessment creation","Educator","Idempotent draft creation","As an Educator, I want one draft per create request so retries cannot create duplicate assessments.","Creation requires assignment and processing permission, snapshots child context and contract versions, and replays the same request ID while rejecting changed payload reuse.","app/api/assessments/route.ts; lib/help-review/assessment-service.ts","tests/e2e/workflow-contracts.spec.ts - assessment creation is authorized versioned and idempotent","EXISTING","PASS","","","","PASS","2026-07-15"
"ASSESS-006","Assessment creation","Educator","Observation date validation","As an Educator, I want the observation date attached to the assessment before processing.","A valid date is required to create the draft and becomes immutable in intake after the assessment exists.","components/assessment-intake.tsx; app/api/assessments/route.ts","tests/e2e/user-story-behaviors.spec.ts - invalid observation date is rejected and persisted draft locks the date","EXISTING","PASS","","","","PASS","2026-07-15"
"ASSESS-007","Assessment navigation","Educator","Stale route correction","As an Educator following an old link, I want the system to redirect me to the assessment's current state.","An intake URL for a processing, review, summary, or finalized assessment resolves to its authoritative route rather than rendering stale controls.","components/assessment-intake.tsx; lib/help-review/presentation.ts","tests/e2e/workflow-contracts.spec.ts - child history search filters and stale next actions stay assignment-scoped","EXISTING","PASS","","","","PASS","2026-07-15"
"ASSESS-008","Assessment navigation","Educator","Finalized record reopening","As an Educator, I want finalized assessments to reopen as immutable records.","Index and child history route finalized assessments to final view; review mutations and ordinary editing remain unavailable.","app/assessments/page.tsx; components/assessment-summary.tsx; lib/help-review/review-service.ts","tests/e2e/workflow-contracts.spec.ts - review decisions survive reload reject stale edits and leave final records immutable","EXISTING","PASS","","","","PASS","2026-07-15"
"UPLOAD-001","Video intake","Educator","Intake context","As an Educator, I want to confirm the child and observation context before uploading a video.","Intake shows the assigned child, current age/context, observation date, one-video policy, and approved limits before submission.","components/assessment-intake.tsx","tests/e2e/screen-catalog.spec.ts - screen-17 upload-ready; tests/e2e/accessibility.spec.ts - child navigation and intake","EXISTING","PASS","","","","PASS","2026-07-15"
"UPLOAD-002","Video intake","Educator","Permission-blocked intake","As an Educator, I must not upload when processing permission is unavailable.","The intake shows a non-editable blocked state with administrator contact and return navigation; upload and processing APIs reject the command.","components/assessment-intake.tsx; lib/help-review/video-asset-service.ts","tests/e2e/screen-catalog.spec.ts - screen-20 permission-blocked; workflow assessment creation permission test","EXISTING","PASS","","","","PASS","2026-07-15"
"UPLOAD-003","Video intake","Educator","Choose video","As an Educator, I want to choose one MP4, WebM, or MOV observation video.","The file picker limits selectable media, displays filename and size, and offers discard or choose-another before upload.","components/assessment-intake.tsx","tests/e2e/user-story-behaviors.spec.ts - file choice is inspectable discardable and rejects invalid local files","EXISTING","PASS","","","","PASS","2026-07-15"
"UPLOAD-004","Video intake","Educator","Client video validation","As an Educator, I want immediate feedback when the chosen file is unsupported, too large, empty, or too long.","Client inspection rejects non-video types, empty or over-100-MB files, and known durations over five minutes before upload while retaining intake context.","components/assessment-intake.tsx; lib/help-review/video-policy.ts","tests/e2e/user-story-behaviors.spec.ts - invalid local files; screen-18; lib/help-review/video-policy.test.ts","EXISTING","PASS","","","","PASS","2026-07-15"
"UPLOAD-005","Video intake","System","Server video validation","As the system, I must reject renamed or corrupted files even when browser metadata claims they are videos.","Server validation enforces MIME allowlist, actual container signature, declared and actual size, duration, checksum, and strict request schemas.","app/api/assessments/[assessmentId]/upload/route.ts; lib/help-review/video-policy.ts","tests/e2e/workflow-contracts.spec.ts - upload validation replacement removal and browser-independent processing work; upload commands enforce all sanitized limits","EXISTING","PASS","","","","PASS","2026-07-15"
"UPLOAD-006","Video intake","Educator","Upload progress","As an Educator, I want progress feedback while a selected video is being uploaded.","Upload disables conflicting actions, announces progress in a labeled progress bar, and settles to authoritative uploaded metadata.","components/assessment-intake.tsx","tests/e2e/screen-catalog.spec.ts - screen-03 upload-observation","EXISTING","PASS","","","","PASS","2026-07-15"
"UPLOAD-007","Video intake","Educator","Upload network recovery","As an Educator, I want a network interruption to leave the assessment recoverable.","The page reports that the network interrupted upload, does not claim success, and permits retry or replacement without creating a processing run.","components/assessment-intake.tsx","tests/e2e/screen-catalog.spec.ts - screen-19 upload-network-failure","EXISTING","PASS","","","","PASS","2026-07-15"
"UPLOAD-008","Video intake","System","Direct resumable GCS upload","As the system, I want browsers to upload video directly to private GCS without exposing durable storage credentials.","The server issues a short-lived origin-bound resumable session; the browser uploads bytes; completion verifies bucket, opaque object, generation, CRC32C, metadata, size, signature, and signed grant.","components/assessment-intake.tsx; app/api/assessments/[assessmentId]/upload/route.ts; lib/help-review/gcs-storage.ts; lib/help-review/upload-grants.ts","lib/help-review/upload-grants.test.ts; lib/help-review/processing-dispatcher.test.ts; live deployment evidence","EXISTING","PASS","","","","PASS","2026-07-15"
"UPLOAD-009","Video intake","Educator","Replace selected file","As an Educator, I want to change a not-yet-uploaded file without changing the assessment.","Choose another replaces only the local selection and leaves the saved video and assessment state unchanged until upload succeeds.","components/assessment-intake.tsx","tests/e2e/user-story-behaviors.spec.ts - replacing a selection preserves the verified video until replacement uploads","EXISTING","PASS","","","","PASS","2026-07-15"
"UPLOAD-010","Video intake","Educator","Replace uploaded video","As an Educator, I want to replace the uploaded video before processing begins.","A successful replacement stores one new asset, deletes or supersedes the old object, resets the public projection, and keeps no duplicate active video.","components/assessment-intake.tsx; lib/help-review/video-asset-service.ts","tests/e2e/user-story-behaviors.spec.ts - local replacement preserves saved asset; workflow replacement and replay test","EXISTING","PASS","","","","PASS","2026-07-15"
"UPLOAD-011","Video intake","Educator","Remove uploaded video","As an Educator, I want to remove an uploaded video before processing.","Remove is disabled during mutations, deletes the active private asset, returns intake to no-video state, and is idempotent when repeated.","components/assessment-intake.tsx; app/api/assessments/[assessmentId]/upload/route.ts; lib/help-review/video-asset-service.ts","tests/e2e/user-story-behaviors.spec.ts - removing video disables processing; workflow removal and replay test","EXISTING","PASS","","","","PASS","2026-07-15"
"UPLOAD-012","Video intake","Educator","Save and exit","As an Educator, I want to leave intake after uploading and resume later.","Save and exit returns to the assigned child without starting processing; the uploaded video remains attached to the draft.","components/assessment-intake.tsx; lib/help-review/server-store.ts","tests/e2e/user-story-behaviors.spec.ts - save and exit preserves the verified draft for later return","EXISTING","PASS","","","","PASS","2026-07-15"
"UPLOAD-013","Video intake","Educator","Start processing availability","As an Educator, I want Start processing enabled only when one verified uploaded video is ready.","The action remains disabled during upload, while a replacement is selected, or without an uploaded video; a successful command navigates to processing.","components/assessment-intake.tsx; app/api/assessments/[assessmentId]/process/route.ts","tests/e2e/user-story-behaviors.spec.ts - removing video disables processing and verified video starts it; workflow API test","EXISTING","PASS","","","","PASS","2026-07-15"
"UPLOAD-014","Video intake","System","Idempotent processing start","As the system, I must create only one active processing run when Start is clicked or delivered repeatedly.","Concurrent/replayed commands return the same run, dispatch once through the configured adapter, and never duplicate suggestion sets.","lib/help-review/assessment-service.ts; lib/help-review/processing-dispatcher.ts","tests/e2e/workflow-contracts.spec.ts - upload commands enforce all sanitized limits and remain replay-safe","EXISTING","PASS","","","","PASS","2026-07-15"
"PROCESS-001","Processing","Educator","Queued and running progress","As an Educator, I want a stable progress view while analysis is queued or running.","The page presents uploaded, security, analysis, and review-ready steps with one current state and safe attempt metadata.","app/assessments/[assessmentId]/processing/page.tsx","tests/e2e/screen-catalog.spec.ts - screen-04 processing and screen-36 mobile-processing","EXISTING","PASS","","","","PASS","2026-07-15"
"PROCESS-002","Processing","Educator","Automatic status refresh","As an Educator, I want processing status to update while I remain on the page.","The client polls persisted status every 1.5 seconds only while visible and stops once ready or failed.","app/assessments/[assessmentId]/processing/page.tsx","tests/e2e/user-story-behaviors.spec.ts - processing refreshes automatically only while visible","EXISTING","PASS","","","","PASS","2026-07-15"
"PROCESS-003","Processing","Educator","Manual status refresh","As an Educator, I want to refresh status when I suspect the displayed state is stale.","Refresh shows pending feedback, requests authoritative state, updates the timeline, and reports a recoverable load error without discarding the last known state.","app/assessments/[assessmentId]/processing/page.tsx","tests/e2e/user-story-behaviors.spec.ts - processing refreshes automatically and on demand","EXISTING","PASS","","","","PASS","2026-07-15"
"PROCESS-004","Processing","Educator","Browser-independent processing","As an Educator, I want analysis to continue after I close or leave the page.","The persisted run is delivered to the standalone processor and reaches ready or safe failure without browser polling.","lib/help-review/processing-coordinator.ts; lib/help-review/processing-dispatcher.ts; processor/server.ts","tests/e2e/workflow-contracts.spec.ts - upload validation replacement removal and browser-independent processing work","EXISTING","PASS","","","","PASS","2026-07-15"
"PROCESS-005","Processing","Educator","Ready state","As an Educator, I want clear confirmation when validated suggestions are ready.","Ready shows suggestion and independent-review counts, marks all progress steps complete, and offers Start review.","app/assessments/[assessmentId]/processing/page.tsx; lib/help-review/server-workflow.ts","tests/e2e/screen-catalog.spec.ts - screen-22 processing-ready","EXISTING","PASS","","","","PASS","2026-07-15"
"PROCESS-006","Processing","Educator","Safe processing failure","As an Educator, I want a useful failure state without provider internals.","Failure shows an allowlisted title/description, retained-video status, attempt number, replace action, and retry only when eligible.","app/assessments/[assessmentId]/processing/page.tsx; lib/help-review/server-workflow.ts","tests/e2e/screen-catalog.spec.ts - screen-21 processing-failed; lib/help-review/server-workflow.test.ts","EXISTING","PASS","","","","PASS","2026-07-15"
"PROCESS-007","Processing","Educator","Eligible retry","As an Educator, I want to retry a temporary failure using the existing video.","Retry creates one linked new attempt, reports network/request errors without false success, and refreshes to the current run.","app/assessments/[assessmentId]/processing/page.tsx; lib/help-review/assessment-service.ts","tests/e2e/user-story-behaviors.spec.ts - eligible retry creates a new current attempt; service idempotency tests","EXISTING","PASS","","","","PASS","2026-07-15"
"PROCESS-008","Processing","Educator","Ineligible retry","As an Educator, I must not retry terminal, permission-lost, missing-video, reviewed, or superseded work.","Retry is disabled or rejected with a safe current-state explanation and no new run.","app/assessments/[assessmentId]/processing/page.tsx; lib/help-review/assessment-service.ts; lib/help-review/admin-jobs-service.ts","lib/help-review/admin-jobs-service.test.ts; lib/help-review/application-services.test.ts","EXISTING","PASS","","","","PASS","2026-07-15"
"PROCESS-009","Processing","System","Stuck run detection","As support staff, I want old queued/running attempts converted to a safe stuck failure for follow-up.","Runs beyond the 15-minute threshold become FAILED with PROCESSING_STUCK once, preserve the video, and appear in Admin jobs.","lib/help-review/processing-coordinator.ts; lib/help-review/admin-jobs-service.ts","lib/help-review/processing-coordinator.test.ts; lib/help-review/admin-jobs-service.test.ts","EXISTING","PASS","","","","PASS","2026-07-15"
"PROCESS-010","Processing","System","Event delivery idempotency","As the system, I want duplicate Eventarc deliveries to be harmless.","Only valid processing marker names are accepted; generation/event delivery is recorded; already handled or concurrently leased runs do not duplicate results.","processor/server.ts; lib/help-review/processing-coordinator.ts; lib/help-review/processing-dispatcher.ts","processor/server.test.ts; lib/help-review/processing-coordinator.test.ts; lib/help-review/processing-dispatcher.test.ts","EXISTING","PASS","","","","PASS","2026-07-15"
"PROCESS-011","Processing","System","All-or-nothing scoring commit","As the system, I want review to open only after a complete model result passes validation.","Valid suggestions commit atomically; invalid, partial, mismatched, oversized, or unavailable results commit no suggestions and resolve to a safe result state.","lib/help-review/processing-coordinator.ts; lib/help-review/scoring-contract.ts","lib/help-review/processing-coordinator.test.ts; lib/help-review/scoring-contract.test.ts","EXISTING","PASS","","","","PASS","2026-07-15"
"REVIEW-001","Review","Educator","Review projection","As an Educator, I want a minimal review workspace containing the video, validated suggestions, saved decisions, and derived progress.","The server returns only the assigned assessment's public child/video/suggestion/decision projection with a short-lived playback URL and no storage/provider internals.","components/review-workspace.tsx; app/api/assessments/[assessmentId]/review/route.ts; lib/help-review/server-workflow.ts","tests/e2e/workflow-contracts.spec.ts - private playback requires a current viewer grant and supports byte ranges","EXISTING","PASS","","","","PASS","2026-07-15"
"REVIEW-002","Review","Educator","Review loading state","As an Educator, I want stable skeletons while suggestions, decisions, and video access load.","The workspace preserves major dimensions, announces loading, contains no enabled decision controls, and does not shift into a different visual system.","components/review-workspace.tsx","tests/e2e/screen-catalog.spec.ts - screen-44 review-loading","EXISTING","PASS","","","","PASS","2026-07-15"
"REVIEW-003","Review","Educator","Review load recovery","As an Educator, I want to retry a temporary review request failure.","A safe error replaces unknown review data, offers Try again, and restores authoritative saved decisions after recovery.","components/review-workspace.tsx","tests/e2e/user-story-behaviors.spec.ts - review load failure offers an honest retry and restores the workspace","EXISTING","PASS","","","","PASS","2026-07-15"
"REVIEW-004","Review","Educator","Current-state redirect","As an Educator, I want an early or stale review URL to resolve to the correct processing/final state.","A not-ready review redirects to processing; a finalized assessment redirects to final; unauthorized access resolves generically.","components/review-workspace.tsx; app/api/assessments/[assessmentId]/review/route.ts","tests/e2e/user-story-behaviors.spec.ts - review routes resolve not-ready and finalized records; workflow authorization tests","EXISTING","PASS","","","","PASS","2026-07-15"
"REVIEW-005","Review","Educator","No valid results","As an Educator, I must not see partial or invalid model suggestions.","The page explains that validation failed, confirms nothing was applied, and offers children or processing status without rendering a draft list.","components/review-workspace.tsx; lib/help-review/processing-coordinator.ts","tests/e2e/screen-catalog.spec.ts - screen-26 review-no-valid-results; scoring contract tests","EXISTING","PASS","","","","PASS","2026-07-15"
"REVIEW-006","Review","Educator","Suggestion grouping","As an Educator, I want suggestions grouped by draft credit and independent-review need.","Present, Emerging, Not observed, N/A, and Need review groups contain accurate counts and omit empty groups.","components/review-workspace.tsx; lib/help-review/domain.ts","tests/e2e/user-story-behaviors.spec.ts - suggestions remain grouped and evidence disclosures are stateful","EXISTING","PASS","","","","PASS","2026-07-15"
"REVIEW-007","Review","Educator","Select suggestion","As an Educator, I want to select a skill and retain that context across refresh.","Selection updates the editor and allowlisted skill query; hard refresh restores the selected skill and bounded scroll position.","components/review-workspace.tsx; lib/help-review/return-path.ts","tests/e2e/workflow-contracts.spec.ts - review selection and bounded scroll context survive a hard refresh","EXISTING","PASS","","","","PASS","2026-07-15"
"REVIEW-008","Review","Educator","Inspect AI evidence","As an Educator, I want to expand what the AI noticed for a suggestion.","Disclosure toggles aria-expanded and shows only the suggestion's timestamped evidence explanations without changing saved decisions.","components/review-workspace.tsx","tests/e2e/user-story-behaviors.spec.ts - suggestions remain grouped and evidence disclosures are stateful","EXISTING","PASS","","","","PASS","2026-07-15"
"REVIEW-009","Review","Educator","Evidence seeking","As an Educator, I want an evidence timestamp to move the active source video to that moment.","Timestamp controls identify the active evidence, seek the desktop or mobile player, and start playback without changing a decision.","components/review-workspace.tsx","tests/e2e/workflow-contracts.spec.ts - review media renders real pixels and evidence timestamps seek the active video","EXISTING","PASS","","","","PASS","2026-07-15"
"REVIEW-010","Review","Educator","Private video playback","As an authorized Educator, I want to replay the canonical source video while reviewing.","Playback requires a current assessment-bound grant, supports bounded byte ranges, renders real pixels, and denies direct or tampered access.","components/review-workspace.tsx; app/api/assessments/[assessmentId]/video/route.ts; lib/help-review/playback-grants.ts","tests/e2e/workflow-contracts.spec.ts - private playback requires a current viewer grant and supports byte ranges; review media renders real pixels","EXISTING","PASS","","","","PASS","2026-07-15"
"REVIEW-011","Review","Educator","Restore video access","As an Educator whose media grant expired, I want to restore secure playback without losing review work or playback context.","The unavailable panel explains the issue, obtains a new grant, reloads the video, preserves the last known time when possible, and retains unsaved/saved decisions.","components/review-workspace.tsx; app/api/assessments/[assessmentId]/video/grant/route.ts","tests/e2e/user-story-behaviors.spec.ts - restoring video access preserves unsaved review context; screen-24","EXISTING","PASS","","","","PASS","2026-07-15"
"REVIEW-012","Review decision","Educator","Accept draft","As an Educator, I want to accept a model-drafted credit quickly.","Accept draft saves the identical primary credit with server-derived ACCEPTED origin, current revision, optional existing note, and updated progress.","components/review-workspace.tsx; lib/help-review/review-service.ts; lib/help-review/domain.ts","tests/e2e/workflow-contracts.spec.ts - every approved review origin is server-derived and restored after reload","EXISTING","PASS","","","","PASS","2026-07-15"
"REVIEW-013","Review decision","Educator","Override draft","As an Educator, I want to choose a different primary credit when professional judgment differs.","Saving a different valid credit creates an OVERRIDDEN origin; the browser cannot supply or forge the origin.","components/review-workspace.tsx; lib/help-review/review-service.ts; lib/help-review/domain.ts","tests/e2e/workflow-contracts.spec.ts - every approved review origin is server-derived and restored after reload","EXISTING","PASS","","","","PASS","2026-07-15"
"REVIEW-014","Review decision","Educator","Score uncertain suggestion","As an Educator, I want to independently score an item when the model does not draft a credit.","All four primary credits are available; a valid choice saves SCORED_INDEPENDENTLY and updates the item from unactioned.","components/review-workspace.tsx; lib/help-review/domain.ts","tests/e2e/workflow-contracts.spec.ts - every approved review origin is server-derived and restored after reload","EXISTING","PASS","","","","PASS","2026-07-15"
"REVIEW-015","Review decision","Educator","Dismiss suggestion","As an Educator, I want to exclude an irrelevant suggestion without assigning a primary credit.","Dismiss saves finalCredit null, dismissed true, server-derived DISMISSED origin, optional note, and includes it in reconciliation without final scoring totals.","components/review-workspace.tsx; lib/help-review/domain.ts","tests/e2e/workflow-contracts.spec.ts - every approved review origin is server-derived and restored after reload","EXISTING","PASS","","","","PASS","2026-07-15"
"REVIEW-016","Review decision","Educator","Optional note","As an Educator, I want to record concise context for a decision.","The editor accepts up to 1000 characters, trims empty notes to null, persists the note with the decision, and restores it after reload.","components/review-workspace.tsx; lib/help-review/domain.ts","tests/e2e/user-story-behaviors.spec.ts - notes persist progress is server-derived and clean finish opens summary; domain tests","EXISTING","PASS","","","","PASS","2026-07-15"
"REVIEW-017","Review decision","Educator","Unsaved-change protection","As an Educator, I want the workspace to prevent accidental loss of an edited credit or note.","Dirty state is visible; switching skills, closing the mobile editor, finishing review, or following internal navigation is blocked until Save or Discard; browser unload receives a warning.","components/review-workspace.tsx","tests/e2e/user-story-behaviors.spec.ts - unsaved review edits block internal navigation until resolved; tests/e2e/platform-smoke.spec.ts","EXISTING","PASS","UX-002","Internal navigation initially discarded a dirty note.","Added a capture-phase same-origin navigation guard that preserves the editor and exposes the existing save/discard recovery controls.","PASS","2026-07-15"
"REVIEW-018","Review decision","Educator","Discard edits","As an Educator, I want to abandon unsaved changes and restore the last saved decision.","Discard restores the saved/draft credit and note, clears save errors and dirty state, and does not make a server mutation.","components/review-workspace.tsx","tests/e2e/platform-smoke.spec.ts - educator navigation and review decision editing work","EXISTING","PASS","","","","PASS","2026-07-15"
"REVIEW-019","Review decision","Educator","Save failure recovery","As an Educator, I want failed saves to preserve my edits and offer retry or discard.","Network/server failure never appears saved, retains entered values, announces a safe error, and exposes Retry save when a credit is selected.","components/review-workspace.tsx","tests/e2e/user-story-behaviors.spec.ts - failed save keeps edits and succeeds through explicit retry; screen-23","EXISTING","PASS","","","","PASS","2026-07-15"
"REVIEW-020","Review decision","Educator","Revision conflict recovery","As an Educator editing concurrently, I want to compare the current saved decision and choose how to proceed.","A stale revision opens the conflict dialog with current and attempted values; Use current adopts server state; Reapply retries against the current revision.","components/review-workspace.tsx; components/review-conflict-dialog.tsx; lib/help-review/review-service.ts","tests/e2e/user-story-behaviors.spec.ts - revision conflict adopts authoritative decision; screen-25; workflow stale edit test","EXISTING","PASS","","","","PASS","2026-07-15"
"REVIEW-021","Review","Educator","Derived progress","As an Educator, I want progress to reflect authoritative saved decisions.","Actioned, remaining, credit counts, and need-review counts update only after successful server saves and survive reload.","components/review-workspace.tsx; lib/help-review/domain.ts","tests/e2e/user-story-behaviors.spec.ts - notes persist progress is server-derived and clean finish opens summary; workflow origin test","EXISTING","PASS","","","","PASS","2026-07-15"
"REVIEW-022","Review","Educator","Finish review navigation","As an Educator, I want to inspect summary after resolving or intentionally leaving items.","Finish routes to summary only when the open editor is clean; summary itself determines whether finalization is complete.","components/review-workspace.tsx; components/assessment-summary.tsx","tests/e2e/user-story-behaviors.spec.ts - clean finish opens summary; unsaved edit protection test","EXISTING","PASS","","","","PASS","2026-07-15"
"REVIEW-023","Review","Mobile Educator","Mobile decision editor","As a mobile Educator, I want a focused full-screen editor with video, evidence, credits, note, and save controls.","Items and Decision tabs remain stable; opening locks background scroll; Back to items requires a clean draft; controls remain reachable without horizontal overflow.","components/review-workspace.tsx","tests/e2e/platform-smoke.spec.ts - mobile review opens the full-screen decision editor; accessibility review test","EXISTING","PASS","","","","PASS","2026-07-15"
"REVIEW-024","Review","Educator","Final record immutability","As an Educator, I must not edit suggestions after finalization.","Finalized review routes to final and direct decision mutations return conflict without changing decisions or the final record.","components/review-workspace.tsx; lib/help-review/review-service.ts","tests/e2e/workflow-contracts.spec.ts - review decisions survive reload reject stale edits and leave final records immutable","EXISTING","PASS","","","","PASS","2026-07-15"
"REVIEW-025","Review decision","Educator","Add a skill the AI missed","As an Educator, I want to add and score a catalogue skill the AI never surfaced so the final record reflects everything I observed.","An add-skill panel offers age-appropriate unsuggested catalogue skills; adding creates the suggestion and its decision atomically with a server-derived MANUALLY_ADDED origin and server-resolved labels; duplicates, unknown skills, and finalized assessments are rejected; the item shows an Added-by-you badge, survives reload, and appears in summary and final records as Added by educator.","lib/help-review/domain.ts; lib/help-review/review-service.ts; app/api/assessments/[assessmentId]/suggestions/route.ts; lib/help-review/server-workflow.ts; components/review-workspace.tsx; components/assessment-summary.tsx; prisma/migrations/20260716160000_manual_skill_addition","lib/help-review/domain.test.ts; lib/help-review/application-services.test.ts - adds an educator skill with its decision atomically; tests/e2e/user-story-behaviors.spec.ts - REVIEW-025","NEW","PASS","","","","PASS","2026-07-16"
"SUMMARY-001","Summary","Educator","Incomplete summary","As an Educator, I want the summary to identify every unactioned suggestion before finalization.","Incomplete summary lists remaining skills with deep links to review, disables finalization, and provides Return to review.","components/assessment-summary.tsx; lib/help-review/domain.ts","tests/e2e/screen-catalog.spec.ts - screen-27 summary-incomplete; workflow summary finalization test","EXISTING","PASS","","","","PASS","2026-07-15"
"SUMMARY-002","Summary","Educator","Credit totals","As an Educator, I want totals derived from saved included decisions.","The summary calculates counts for the four primary credits and excludes dismissed suggestions from credit totals.","components/assessment-summary.tsx; lib/help-review/domain.ts","tests/e2e/workflow-contracts.spec.ts - summary finalization is complete-only stale-safe and idempotent; lib/help-review/domain.test.ts","EXISTING","PASS","","","","PASS","2026-07-15"
"SUMMARY-003","Summary","Educator","Decision paths","As an Educator, I want to see how many decisions were accepted, overridden, independently scored, or dismissed.","Origin totals are server-derived from immutable draft plus saved decision and match the included/dismissed record.","components/assessment-summary.tsx; lib/help-review/domain.ts","lib/help-review/domain.test.ts; tests/e2e/screen-catalog.spec.ts - screen-06 finish-review","EXISTING","PASS","","","","PASS","2026-07-15"
"SUMMARY-004","Summary","Educator","Domain summary","As an Educator, I want credit totals grouped by HELP domain.","The accessible table contains one row per represented domain and the correct four-credit counts.","components/assessment-summary.tsx; lib/help-review/domain.ts","tests/e2e/accessibility.spec.ts - summary and final records preserve headings labels and reflow; lib/help-review/domain.test.ts","EXISTING","PASS","","","","PASS","2026-07-15"
"SUMMARY-005","Summary","Educator","Included and dismissed records","As an Educator, I want to inspect every skill that will be included and every suggestion that was dismissed.","Included rows show final credit, domain, decision path, and note; dismissed rows remain separate with optional note.","components/assessment-summary.tsx","tests/e2e/user-story-behaviors.spec.ts - final items stay reconciled and finalization is deliberate; screen-06","EXISTING","PASS","","","","PASS","2026-07-15"
"SUMMARY-006","Finalization","Educator","Finalization confirmation","As an Educator, I want a deliberate confirmation before locking the assessment.","The dialog identifies included and dismissed counts, explains immutability, traps focus, supports cancel/Escape, and requires explicit confirmation.","components/assessment-summary.tsx; components/confirm-dialog.tsx","tests/e2e/user-story-behaviors.spec.ts - finalization is deliberate; tests/e2e/accessibility.spec.ts - focus restoration","EXISTING","PASS","","","","PASS","2026-07-15"
"SUMMARY-007","Finalization","System","Complete-only idempotent finalization","As the system, I must finalize only a complete current revision and safely replay the same request.","Incomplete or stale commands return conflict; one transaction rederives summary, stamps actor/time once, and repeated request ID returns the same final record.","app/api/assessments/[assessmentId]/finalize/route.ts; lib/help-review/review-service.ts","tests/e2e/workflow-contracts.spec.ts - summary finalization is complete-only stale-safe and idempotent","EXISTING","PASS","","","","PASS","2026-07-15"
"SUMMARY-008","Final record","Educator","Read-only final record","As an Educator, I want to reopen the human-approved assessment without editable controls.","Final view shows finalized metadata and the same totals/included/dismissed record, offers Return to child, and contains no save/finalize/edit commands.","components/assessment-summary.tsx; app/assessments/[assessmentId]/final/page.tsx","tests/e2e/screen-catalog.spec.ts - screen-07 final-assessment screen-41 mobile-final; accessibility summary/final test","EXISTING","PASS","","","","PASS","2026-07-15"
"ADMIN-ACCESS-001","Administration","Administrator","Access authorization","As an Administrator, I want access management restricted to authorized administrators.","The page and API require an active ADMIN session; educators receive a safe forbidden response and no staff or assignment data.","app/admin/access/page.tsx; app/api/admin/access/route.ts; lib/help-review/server-auth.ts","tests/e2e/workflow-contracts.spec.ts - admin endpoints enforce role boundaries","EXISTING","PASS","","","","PASS","2026-07-15"
"ADMIN-ACCESS-002","Administration","Administrator","Staff directory","As an Administrator, I want to see provisioned staff and their access state.","The directory and selected detail show display name, normalized email, role, active state, and active assignment count without exposing assessment or video data.","app/admin/access/page.tsx; lib/help-review/admin-access-service.ts; lib/help-review/public-projections.ts","tests/e2e/user-story-behaviors.spec.ts - access directory and filters; workflow public projection test","EXISTING","PASS","","","","PASS","2026-07-15"
"ADMIN-ACCESS-003","Administration","Administrator","Access loading failure and empty states","As an Administrator, I want clear recovery states while the directory loads or cannot load.","Loading preserves the page shell; failures offer Try again; an empty directory offers staff provisioning instead of a blank table.","app/admin/access/page.tsx; components/page-state.tsx","tests/e2e/screen-catalog.spec.ts - screens 33 and 34","EXISTING","PASS","","","","PASS","2026-07-15"
"ADMIN-ACCESS-004","Administration","Administrator","Search and filter staff","As an Administrator, I want to find staff by identity and access state.","Search matches name or email; the active-state filter composes with search; no-match state keeps both controls editable.","app/admin/access/page.tsx","tests/e2e/user-story-behaviors.spec.ts - access filters are URL-backed and failed confirmation remains recoverable","EXISTING","PASS","","","","PASS","2026-07-15"
"ADMIN-ACCESS-005","Administration","Administrator","Provision staff","As an Administrator, I want to provision an educator or administrator before first sign-in.","Opening the form focuses its first field; a validated name, normalized email, and role create or update one provision idempotently; errors remain without claiming success; cancel returns focus to the trigger.","app/admin/access/page.tsx; app/api/admin/access/route.ts; lib/help-review/admin-access-service.ts","tests/e2e/workflow-contracts.spec.ts - admin access mutations are authorized validated and idempotent; tests/e2e/user-story-behaviors.spec.ts - provision form keyboard focus and restoration","EXISTING","PASS","A11Y-004","Manual keyboard execution found that cancelling the inline provisioning form moved focus to the document body.","The opening trigger is retained, exposes aria-expanded/aria-controls, and receives focus after cancel or successful closure; a keyboard regression test covers open, initial focus, cancel, and restoration.","PASS","2026-07-15"
"ADMIN-ACCESS-006","Administration","Administrator","Inspect staff access","As an Administrator, I want to inspect one staff member before changing access.","Selecting a row opens a stable detail panel with identity, role, active state, assignments, and only actions allowed for the current state.","app/admin/access/page.tsx","tests/e2e/screen-catalog.spec.ts - screen-30 admin-staff-detail","EXISTING","PASS","","","","PASS","2026-07-15"
"ADMIN-ACCESS-007","Administration","Administrator","Activate staff","As an Administrator, I want to restore a provisioned staff account.","Activate updates the authoritative provision, refreshes the directory and detail panel, and permits a future session without duplicating the identity.","app/admin/access/page.tsx; app/api/admin/access/route.ts; lib/help-review/admin-access-service.ts","tests/e2e/workflow-contracts.spec.ts - admin access mutations are authorized validated and idempotent","EXISTING","PASS","","","","PASS","2026-07-15"
"ADMIN-ACCESS-008","Administration","Administrator","Deactivate staff","As an Administrator, I want to revoke staff access deliberately.","A confirmation names the staff member; confirmation deactivates the provision, invalidates active sessions, preserves audit/history records, and does not expose or delete child data.","app/admin/access/page.tsx; app/api/admin/access/route.ts; lib/help-review/admin-access-service.ts; lib/help-review/server-auth.ts","tests/e2e/workflow-contracts.spec.ts - deactivation revokes sessions without deleting records","EXISTING","PASS","","","","PASS","2026-07-15"
"ADMIN-ACCESS-009","Administration","Administrator","Assign child","As an Administrator, I want to assign an educator to a child.","Only active educators and unassigned eligible children are selectable; the mutation is idempotent and the refreshed count and assignment list match authoritative storage.","app/admin/access/page.tsx; app/api/admin/access/route.ts; lib/help-review/admin-access-service.ts","tests/e2e/workflow-contracts.spec.ts - assignment writes enforce active educator and unique relation","EXISTING","PASS","","","","PASS","2026-07-15"
"ADMIN-ACCESS-010","Administration","Administrator","Remove child assignment","As an Administrator, I want to remove an educator-child assignment without deleting records.","A confirmation identifies the child; removal immediately removes roster visibility for new requests while preserving assessments and audit history.","app/admin/access/page.tsx; app/api/admin/access/route.ts; lib/help-review/admin-access-service.ts","tests/e2e/workflow-contracts.spec.ts - assignment removal revokes roster visibility and preserves history","EXISTING","PASS","","","","PASS","2026-07-15"
"ADMIN-ACCESS-011","Administration","Administrator","Access mutation recovery","As an Administrator, I want failed access changes to be retryable and truthful.","Network, validation, conflict, and server failures keep the affected dialog or panel open, show a safe actionable message, and never optimistically claim that access changed.","app/admin/access/page.tsx; components/confirm-dialog.tsx; lib/help-review/client-http.ts","tests/e2e/user-story-behaviors.spec.ts - access filters are URL-backed and failed confirmation remains recoverable","EXISTING","PASS","UX-003","Failed confirmation initially closed before the administrator could retry.","Confirmation mutations now await an authoritative success, expose the safe error inside the modal, and close only after a successful refresh.","PASS","2026-07-15"
"ADMIN-ACCESS-012","Administration","Administrator","Staff invitation","As an Administrator, I want provisioning to invite the staff member so they can set their own password without anyone handling credentials.","In email/password mode, provisioning and Resend invite issue a single-use hashed setup token, deliver it through the configured email adapter, show delivery status, and never create, display, or transmit a usable password; invitations to inactive staff are rejected.","lib/help-review/admin-access-service.ts; lib/help-review/email-password-auth.ts; lib/help-review/email-sender.ts; app/api/admin/access/route.ts; app/admin/access/page.tsx; app/set-password/page.tsx","lib/help-review/email-password-auth.test.ts - issues invites through provisioning and resend only in email/password mode","NEW","PASS","","","","PASS","2026-07-15"
"ADMIN-ACCESS-013","Administration","Administrator","Edit staff","As an Administrator, I want to correct a staff member's display name and role.","Editing updates the display name and role with actor/time recording and next-request effect; Admins cannot change their own role, and Educators with active child assignments cannot change role until unassigned.","lib/help-review/admin-access-service.ts; app/api/admin/access/route.ts; app/admin/access/page.tsx","lib/help-review/email-password-auth.test.ts - edits display name and role while protecting the actor and assigned educators","NEW","PASS","","","","PASS","2026-07-15"
"ADMIN-ACCESS-014","Administration","Administrator","Remove staff","As an Administrator, I want to remove a staff member entirely while keeping their historical work attributable.","Removal immediately revokes access, sessions, assignments, credentials, and outstanding tokens, keeps decisions and finalized records attributed to the retained display name, frees the email for later re-provisioning, and rejects self-removal.","lib/help-review/admin-access-service.ts; app/api/admin/access/route.ts; app/admin/access/page.tsx","lib/help-review/email-password-auth.test.ts - removes staff, revokes everything, retains attribution, and frees the email","NEW","PASS","","","","PASS","2026-07-15"
"ADMIN-JOBS-001","Operations","Administrator","Job authorization","As an Administrator, I want processing recovery restricted to authorized administrators.","The jobs page and APIs require an active ADMIN session; educators receive a safe forbidden response and no processing or video metadata.","app/admin/jobs/page.tsx; app/api/admin/jobs/route.ts; app/api/admin/jobs/[runId]/retry/route.ts","tests/e2e/workflow-contracts.spec.ts - admin endpoints enforce role boundaries","EXISTING","PASS","","","","PASS","2026-07-15"
"ADMIN-JOBS-002","Operations","Administrator","Failed and stuck job list","As an Administrator, I want a safe queue of processing runs that may require attention.","The list contains only failed or stale in-progress runs and shows child and assessment labels, status, safe failure category, and last change; attempt history remains in safe detail without raw provider data.","app/admin/jobs/page.tsx; lib/help-review/admin-jobs-service.ts; lib/help-review/public-projections.ts","tests/e2e/user-story-behaviors.spec.ts - job filters details and retry confirmation stay safe; workflow projection test","EXISTING","PASS","","","","PASS","2026-07-15"
"ADMIN-JOBS-003","Operations","Administrator","Filter and search jobs","As an Administrator, I want to narrow recoverable jobs efficiently.","Search matches safe assessment or child labels; failed/stuck status filters compose with search; clearing filters restores the authoritative result set.","app/admin/jobs/page.tsx","tests/e2e/user-story-behaviors.spec.ts - job filters details and retry confirmation stay safe","EXISTING","PASS","","","","PASS","2026-07-15"
"ADMIN-JOBS-004","Operations","Administrator","Job loading failure and empty states","As an Administrator, I want clear operational states when jobs load, fail, or need no action.","Loading preserves the shell; failure offers Try again; no failed jobs communicates healthy state; no filter matches offers reset.","app/admin/jobs/page.tsx; components/page-state.tsx","tests/e2e/screen-catalog.spec.ts - screens 35 and 36","EXISTING","PASS","","","","PASS","2026-07-15"
"ADMIN-JOBS-005","Operations","Administrator","Inspect job details","As an Administrator, I want enough safe detail to decide whether retry is appropriate.","Selecting a job exposes its expanded state and shows lifecycle timestamps, attempt history, playback availability, safe diagnostics, and retry eligibility without sensitive payloads; closing details returns focus to that job row.","app/admin/jobs/page.tsx; lib/help-review/admin-jobs-service.ts","tests/e2e/user-story-behaviors.spec.ts - job filters details, close-focus restoration, and retry confirmation stay safe","EXISTING","PASS","A11Y-005","Manual keyboard execution found that closing job details moved focus to the document body.","Job rows now expose aria-expanded/aria-controls, the selected trigger is retained, and closing details restores focus; the behavior test verifies the full keyboard close and reopen sequence.","PASS","2026-07-15"
"ADMIN-JOBS-006","Operations","Administrator","Retry eligibility","As an Administrator, I want the platform to prevent harmful or pointless retries.","Only failed or stale recoverable runs with an available source video can retry; finalized, actively leased, exhausted, missing-video, and non-retryable failures explain why retry is disabled.","lib/help-review/admin-jobs-service.ts; lib/help-review/processing-coordinator.ts","lib/help-review/admin-jobs-service.test.ts; tests/e2e/workflow-contracts.spec.ts","EXISTING","PASS","","","","PASS","2026-07-15"
"ADMIN-JOBS-007","Operations","Administrator","Confirm retry","As an Administrator, I want retries to require a deliberate confirmation.","The confirmation identifies the assessment and current attempt; cancel makes no mutation; confirm submits one idempotent retry request and reports progress.","app/admin/jobs/page.tsx; app/api/admin/jobs/[runId]/retry/route.ts; components/confirm-dialog.tsx","tests/e2e/user-story-behaviors.spec.ts; tests/e2e/workflow-contracts.spec.ts","EXISTING","PASS","UX-004","The retry confirmation initially named only the child.","The dialog now names the assessment reference, current attempt, safe category, and private-video availability before confirmation.","PASS","2026-07-15"
"ADMIN-JOBS-008","Operations","System","Safe retry transition","As the system, I must create a retry without overwriting immutable prior attempts.","The retry transaction rechecks eligibility, records actor and reason, creates the next attempt, preserves prior history, and dispatches processing only after the durable state exists.","lib/help-review/admin-jobs-service.ts; lib/help-review/processing-coordinator.ts; lib/help-review/processing-dispatcher.ts","lib/help-review/admin-jobs-service.test.ts; lib/help-review/processing-coordinator.test.ts","EXISTING","PASS","","","","PASS","2026-07-15"
"ADMIN-JOBS-009","Operations","Administrator","Retry result recovery","As an Administrator, I want accurate feedback after a retry request.","Success refreshes the job state and can be dismissed; conflict or dispatch failure remains visible, preserves history, and allows a valid next action without duplicate attempts.","app/admin/jobs/page.tsx; app/api/admin/jobs/[runId]/retry/route.ts","tests/e2e/user-story-behaviors.spec.ts - retry failure remains actionable and success dismisses; service replay tests","EXISTING","PASS","","","","PASS","2026-07-15"
"LIVE-001","Live integration","Staff","Selected production identity","As approved staff, I want to sign in through the selected production identity path so access does not depend on a sandbox profile.","Exactly one first-party email/password path validates credentials server-side against scrypt-hashed application storage, maps active provisioned access only, supports single-use invitation and reset links plus safe session/logout, revokes access promptly, and exposes no public signup.","lib/help-review/email-password-auth.ts; lib/help-review/email-sender.ts; lib/help-review/server-auth.ts; app/api/session/route.ts; app/api/auth/set-password/route.ts; app/api/auth/request-reset/route.ts; app/set-password/page.tsx; app/sign-in/page.tsx; app/api/admin/access/route.ts; scripts/bootstrap-admin.ts; infra/gcp/main.tf","lib/help-review/email-password-auth.test.ts; lib/help-review/server-auth.test.ts; lib/help-review/runtime-config.test.ts; tests/e2e/user-story-behaviors.spec.ts - LIVE-001; terraform validate; email-password production build","EXISTING","PASS","INTEGRATION-IDENTITY-001; DEPLOY-IDENTITY-002; UX-006","Earlier managed-provider defects (Terraform quota prerequisites, unstable GCS service-agent planning, read-only provider IAM, loading copy) were fixed during QA2. On July 15 the managed Google Identity Platform path was replaced by the approved first-party email/password implementation and firebase-admin was removed.","The first-party path hashes credentials with scrypt, burns a constant-time verification for unknown accounts, issues single-use hashed invite/reset tokens through the email boundary, auto-invalidates outstanding tokens on password set, keeps sandbox sessions unusable at the email/password issuer boundary, and fails production startup without a real email adapter, sender, and https origin.","PASS","2026-07-15"
"LIVE-002","Live integration","Operator","Roster and context ingestion","As an Operator, I want approved children, age/context, processing permission, and assignments ingested from one controlled source so real pilot participants can be onboarded and reconciled.","A versioned controlled import validates stable child identifiers and approved context, resolves exact already-provisioned Educators, applies idempotent create/update/deactivate behavior, reports missing or duplicate records without echoing values, reconciles explicit assignments and permission changes, records actor/source/time, and preserves assessments plus records omitted from a merge file.","lib/help-review/roster-import.ts; scripts/import-roster.ts; lib/help-review/models.ts; lib/help-review/neon-store.ts; prisma/migrations/20260715170000_roster_import_event; docs/specs/help-review-production-platform/roster-import-contract.md","lib/help-review/roster-import.test.ts; tests/fixtures/synthetic-roster.csv; 2026-07-15 CLI preview; clean-schema five-migration check","EXISTING","PASS","INTEGRATION-ROSTER-001","Initial audit found that only seeded children could be assigned; no controlled production child/roster ingestion or reconciliation command existed.","Added the help-roster-v1 CSV contract, safe parser, dry-run/apply CLI, exact Educator resolution, context-source snapshots, merge reconciliation, child deactivation revocation, checksum replay safety, allowlisted audit event, template, migration, and seven focused tests.","PASS","2026-07-15"
"LIVE-003","Live integration","Content owner","Authoritative HELP content","As a Content owner, I want the platform and scoring boundary to use the authoritative approved HELP catalogue so skill identity, ordering, labels, and final records are consistent.","A versioned import consumes authoritative skill IDs, labels, domains/strands, age ranges, hierarchy/order, credit descriptions, and confirmed scoring rules; assessments snapshot the version and unknown or mismatched skills fail closed.","lib/help-review/help-catalog.ts; lib/help-review/scoring-contract.ts; content/help-catalog.sanitized.json; content/developmental-skills.reference.json; scripts/build-reference-skills-catalog.mjs; docs/model/reference-skills-research.md; prisma/schema.prisma; docs/specs/help-review-production-platform/help-catalog-contract.md","lib/help-review/help-catalog.test.ts; lib/help-review/scoring-contract.test.ts; scripts/validate-help-catalog.ts; 165-test unit suite; production web and processor builds; 20260715-qa1 deployed assessment smoke","PARTIAL","PARTIAL_PASS","INTEGRATION-CONTENT-001","The complete help-catalog-v1 boundary now supports provenance, observable definitions and indicators, non-examples, observation conditions, prohibited inferences, evidence modality, video scoreability, and per-credit criteria. A deterministic, attributed 127-item CDC/ELOF development corpus validates and excludes eight longitudinal-only items from short-video candidate batches. Real-data mode rejects both reference/fixture content; the owner-issued authoritative HELP catalogue itself has not yet been supplied.","Added the immutable JSON loader and validator, documented intake contract, Docker packaging, Terraform path/version inputs, startup validation, deployed snapshot check, plus a research-grounded reference corpus and deterministic generator so model work can proceed without fabricating HELP content.","PENDING_CLOSURE","2026-07-15"
"LIVE-004","Live integration","System","Yi model package contract","As the processing system, I want Yi's versioned model package and data contract integrated behind the scoring gateway so deployed results match the scientist-owned workflow.","The processor sends only the contracted video reference and child context, identifies request/run/schema versions, validates accepted uncertain empty and failure fixtures, maps safe retry/terminal errors, and contract-tests the exact deployed package or service.","lib/help-review/scoring-gateway.ts; lib/help-review/reference-scorer.ts; lib/help-review/scoring-contract.ts; processor/server.ts","lib/help-review/reference-scorer.test.ts; lib/help-review/scoring-contract.test.ts; processor/server.test.ts; lib/help-review/fake-scoring.test.ts; 165-test unit suite; production web and processor builds; QA1 GCS/Eventarc/Vertex failure-boundary smoke","PARTIAL","PARTIAL_PASS","INTEGRATION-MODEL-001","The first-party evidence-first-v1 pipeline now separates Gemini video observation from catalogue adjudication, uses structured outputs and exact event/candidate allowlists, rejects non-target or out-of-duration evidence, gates confidence, and prevents absence-only NOT_OBSERVED credits. Vertex defaults to Flash observation and Pro adjudication. Yi's promised package/data contract and accepted fixtures are still not integrated, and the first-party model has not yet been benchmarked against independently educator-labelled videos.","Retained the safe Vertex/GCS transport and added a contract-compatible two-stage reference scorer, configurable FPS/models/batching/thresholds, richer candidate guidance, prompt-injection boundaries, 9 focused scorer tests, and all-or-nothing output validation.","PENDING_CLOSURE","2026-07-15"
"LIVE-005","Live integration","Operator","Production video lifecycle configuration","As an Operator, I want approved real-video region, retention, deletion, backup, and incident values applied so private replay evidence is governed throughout its lifecycle.","Organization-owned GCS applies the final region and lifecycle values, incomplete uploads and replaced/removed objects are deleted as contracted, authorized range replay remains available for the retention window, backup behavior is explicit, and deletion plus incident paths are exercised.","lib/help-review/gcs-storage.ts; lib/help-review/video-asset-service.ts; infra/gcp/main.tf; docs/specs/help-review-production-platform/operations-runbook.md","lib/help-review/video-storage.test.ts; lib/help-review/upload-grants.test.ts; tests/e2e/workflow-contracts.spec.ts","PARTIAL","PARTIAL_PASS","POLICY-VIDEO-001","Private upload, integrity, replacement/removal, and replay pass with development lifecycle values; final real-video region, retention, backup, deletion, and incident values are not applied and drill-verified.","","PENDING_CLOSURE","2026-07-15"
"SECURITY-001","Security","Signed-in user","Same-origin mutation protection","As a signed-in user, I need cross-site requests prevented from mutating protected records.","Every state-changing browser API validates same-origin intent before parsing or executing the command and returns a safe forbidden response on mismatch.","lib/help-review/server-http.ts; app/api","lib/help-review/server-http.test.ts; tests/e2e/workflow-contracts.spec.ts","EXISTING","PASS","","","","PASS","2026-07-15"
"SECURITY-002","Security","System","Request validation and limits","As the system, I must reject malformed or oversized input before business logic.","Strict JSON content type, bounded body size, schema validation, identifier validation, and upload metadata policy return safe 4xx errors without partial writes.","lib/help-review/server-http.ts; lib/help-review/video-policy.ts; app/api","lib/help-review/server-http.test.ts; lib/help-review/video-policy.test.ts; tests/e2e/workflow-contracts.spec.ts","EXISTING","PASS","","","","PASS","2026-07-15"
"SECURITY-003","Security","System","Abuse rate limiting","As the system, I must limit high-risk or expensive endpoints per authenticated actor.","Sign-in, upload grants, process starts, playback grants, admin mutations, and retries apply bounded server-side rate limits with Retry-After and no sensitive response detail.","lib/help-review/server-http.ts; lib/help-review/shared-rate-limit.ts; app/api; prisma/schema.prisma; prisma/migrations/20260715190000_shared_rate_limit/migration.sql","lib/help-review/server-http.test.ts; lib/help-review/shared-rate-limit.test.ts; tests/e2e/workflow-contracts.spec.ts; scripts/shared-rate-limit-drill.ts","EXISTING","PASS","ARCH-001","The original process-local production budget was replaced. PostgreSQL-backed deployments now atomically share fixed-window actor budgets across instances; local development retains the in-process implementation.","Added a hashed shared RateLimitBucket, atomic INSERT ON CONFLICT increments, stale-bucket cleanup, Retry-After preservation, focused tests, and a 12-concurrent-request isolated PostgreSQL drill with complete cleanup.","PASS","2026-07-15"
"SECURITY-004","Security","Browser user","Security response headers","As a browser user, I need hardened defaults on pages and API responses.","Production responses apply content-type protection, frame denial, referrer policy, permissions policy, CSP, and HSTS where transport is HTTPS without breaking required media playback.","next.config.ts; middleware.ts","tests/e2e/workflow-contracts.spec.ts - security headers and health projection","EXISTING","PASS","","","","PASS","2026-07-15"
"SECURITY-005","Privacy","Educator","Assignment-scoped data","As an Educator, I must only access children and assessments currently assigned to me.","List, detail, upload, processing, review, finalization, final record, and playback APIs reauthorize the current session and assignment on every request; guessed identifiers return no data.","lib/help-review/server-auth.ts; lib/help-review/child-service.ts; lib/help-review/assessment-service.ts; lib/help-review/review-service.ts","tests/e2e/workflow-contracts.spec.ts - educator assignment boundaries are enforced across workflow","EXISTING","PASS","","","","PASS","2026-07-15"
"SECURITY-006","Privacy","API consumer","Redacted public projections","As an API consumer, I should receive only fields required by the current screen.","Public serializers omit emails where unnecessary, storage object names, provider payloads, credentials, raw model responses, internal errors, and unrestricted child attributes.","lib/help-review/public-projections.ts; lib/help-review/presentation.ts","tests/e2e/workflow-contracts.spec.ts - public payloads redact internal and sensitive fields","EXISTING","PASS","","","","PASS","2026-07-15"
"SECURITY-007","Privacy","Educator","Purpose-bound video playback","As an Educator, I want private playback only for the assessment I am currently reviewing.","A short-lived signed grant binds actor, assessment, video version, purpose, and expiry; tampering, expiry, reassignment, or version change invalidates it; byte-range streaming supports seeking.","lib/help-review/playback-grants.ts; lib/help-review/video-asset-service.ts; app/api/assessments/[assessmentId]/video","lib/help-review/playback-grants.test.ts; lib/help-review/video-storage.test.ts; tests/e2e/workflow-contracts.spec.ts","EXISTING","PASS","","","","PASS","2026-07-15"
"SECURITY-008","Privacy","Administrator","No implicit video access","As an Administrator, I should not gain source-video or review-content access merely from my admin role.","Operational admin projections expose playback availability only; playback grants and assessment content still require the explicitly supported educator assignment path.","lib/help-review/admin-jobs-service.ts; lib/help-review/server-auth.ts; app/api/assessments/[assessmentId]/video/grant/route.ts","tests/e2e/workflow-contracts.spec.ts - admin role does not imply assessment or video access","EXISTING","PASS","","","","PASS","2026-07-15"
"SECURITY-009","Privacy","Support operator","Redacted support diagnostics","As a support operator, I want useful correlation details without child data or secrets.","Support records use an allowlisted event type, opaque record identifiers, actor IDs, and timestamps; raw payloads, signed URLs, names, uploaded filenames, provider errors, and arbitrary free text are discarded.","lib/help-review/server-events.ts; lib/help-review/models.ts; prisma/schema.prisma","lib/help-review/server-events.test.ts; prisma/schema.test.ts; tests/e2e/workflow-contracts.spec.ts","EXISTING","PASS","","","Support event persistence now explicitly projects only the approved diagnostic field allowlist.","PASS","2026-07-15"
"SECURITY-010","Security","System","Fail-closed runtime configuration","As the system, I must not silently use sandbox identity, memory storage, fake scoring, or local video in production.","Production startup validates required database, session, identity, GCS, processor, and scoring settings and exits with a targeted error when an insecure adapter is selected or a secret is missing.","lib/help-review/runtime-config.ts; lib/help-review/server-bootstrap.ts; app/runtime-boundary.test.ts","lib/help-review/runtime-config.test.ts; lib/help-review/server-bootstrap.test.ts; app/runtime-boundary.test.ts","EXISTING","PASS","","","","PASS","2026-07-15"
"SECURITY-011","Privacy","Pilot user","Sanitized sandbox boundary","As a pilot user, I want synthetic mode visibly distinguished from any real-data environment.","Sandbox mode shows the persistent sanitized-data banner, uses synthetic fixtures only, and does not imply that real child data is accepted when production adapters are absent.","components/app-header.tsx; lib/help-review/fixtures.ts; lib/help-review/runtime-config.ts","tests/e2e/screen-catalog.spec.ts; app/runtime-boundary.test.ts","EXISTING","PASS","","","","PASS","2026-07-15"
"SECURITY-012","Scope","Pilot stakeholder","Unsupported features remain absent","As a pilot stakeholder, I want the approved product boundary enforced rather than placeholder features that imply unsupported capability.","No parent portal, longitudinal analytics, report export, direct HELP Connect sync, arbitrary catalog editing, or autonomous final scoring is exposed unless an approved contract and implementation exists.","app; components; docs/specs/help-review-production-platform/requirements.md","app/runtime-boundary.test.ts; tests/e2e/screen-catalog.spec.ts; production build route manifest","EXISTING","PASS","","","Expanded the runtime-boundary test to lock parent, analytics, report, catalogue, and HELP Connect sync routes out of the shipped platform.","PASS","2026-07-15"
"RUNTIME-001","Data platform","System","Durable production store","As the system, I need durable relational state for users, assignments, assessments, attempts, decisions, audit events, and final records.","Production uses the Prisma/PostgreSQL adapter, enforces declared constraints and transactions, and never falls back to process memory.","prisma/schema.prisma; prisma/migrations; lib/help-review/neon-store.ts; lib/help-review/server-store.ts","prisma/schema.test.ts; lib/help-review/application-services.test.ts; app/runtime-boundary.test.ts","EXISTING","PASS","","","","PASS","2026-07-15"
"RUNTIME-002","Data platform","Operator","Safe migrations","As an Operator, I want schema changes applied reproducibly before traffic uses them.","Ordered checked-in migrations apply cleanly to an empty database and the configured production database; migration failure prevents release promotion rather than causing runtime drift.","prisma/migrations; prisma.config.ts; scripts/database-recovery-drill.ts; scripts/shared-rate-limit-drill.ts; package.json","prisma/schema.test.ts; 2026-07-15 clean-schema six-migration deploy; pnpm db:migrate; pnpm db:status; pnpm db:recovery-drill; pnpm db:rate-limit-drill","EXISTING","PASS","OPS-001","Initial execution had clean-schema and current-schema evidence but no exercised logical backup and restore.","Added guarded isolated-schema drills; all six migrations and one synthetic marker survived pg_dump/pg_restore, 12 concurrent shared increments serialized, and every temporary artifact was removed.","PASS","2026-07-15"
"RUNTIME-003","Storage","System","Private source-video storage","As the system, I need uploaded videos stored privately with lifecycle controls.","Production uploads go directly to the configured private GCS bucket through a constrained signed grant, record one immutable object version, reject untrusted object references, and never make the object public.","lib/help-review/gcs-storage.ts; lib/help-review/upload-grants.ts; lib/help-review/video-asset-service.ts; infra/gcp/main.tf","lib/help-review/upload-grants.test.ts; lib/help-review/video-storage.test.ts","EXISTING","PASS","","","","PASS","2026-07-15"
"RUNTIME-004","Processing","System","Durable event dispatch","As the system, I need a completed upload to trigger processing without relying on a browser request staying open.","A GCS object-finalized event reaches the private processor through Eventarc; duplicate or delayed events are safe and the assessment records durable dispatch and attempt state.","processor/server.ts; lib/help-review/processing-dispatcher.ts; infra/gcp/main.tf","processor/server.test.ts; lib/help-review/processing-dispatcher.test.ts","EXISTING","PASS","","","","PASS","2026-07-15"
"RUNTIME-005","Processing","System","Canonical Gemini request","As the system, I need the scorer invoked with the approved video and contract version.","The processor resolves the recorded GCS URI, verifies the object generation, sends the versioned structured scoring contract to Vertex AI Gemini, and never treats prose as the canonical result.","processor/server.ts; lib/help-review/scoring-gateway.ts; lib/help-review/scoring-contract.ts","processor/server.test.ts; lib/help-review/scoring-contract.test.ts","EXISTING","PASS","","","","PASS","2026-07-15"
"RUNTIME-006","Processing","System","Validate and normalize model output","As the system, I need untrusted model output validated before it becomes a review draft.","Only known HELP skill IDs, allowed credit values, bounded confidence, valid timestamp ranges, and the expected contract version are accepted; invalid or empty output produces a safe recoverable state rather than fabricated suggestions.","lib/help-review/scoring-contract.ts; lib/help-review/help-catalog.ts; lib/help-review/server-workflow.ts","lib/help-review/scoring-contract.test.ts; lib/help-review/server-workflow.test.ts","EXISTING","PASS","","","","PASS","2026-07-15"
"RUNTIME-007","Processing","System","Lease retry and idempotency","As the system, I need duplicate delivery and transient failure handled without concurrent conflicting runs.","A durable lease admits one active worker, heartbeats or expires safely, bounds attempts and exponential retry, preserves immutable attempt history, and makes terminal completion idempotent.","lib/help-review/processing-coordinator.ts; lib/help-review/server-workflow.ts; processor/server.ts","lib/help-review/processing-coordinator.test.ts; lib/help-review/server-workflow.test.ts; processor/server.test.ts","EXISTING","PASS","","","","PASS","2026-07-15"
"RUNTIME-008","Developer experience","Developer","Local full-stack processing","As a Developer, I want the web application and processor to run locally with synthetic video and scoring.","Documented commands start both processes, use local private storage and deterministic fake scoring, exercise the same contracts and state transitions, and do not require Google Cloud credentials.","package.json; processor/server.ts; lib/help-review/fake-scoring.ts; README.md","lib/help-review/fake-scoring.test.ts; processor/server.test.ts; tests/e2e/workflow-contracts.spec.ts; 2026-07-15 local two-process smoke","EXISTING","PASS","","","Started pnpm dev:stack, verified both health endpoints, uploaded the synthetic fixture, dispatched over HTTP, and observed READY_FOR_REVIEW with eight suggestions.","PASS","2026-07-15"
"RUNTIME-009","Operations","Operator","Health endpoints","As an Operator, I want safe health signals for routing and diagnosis.","Web and processor health checks distinguish process liveness from required dependency readiness, return non-success when a required dependency is unavailable, and expose no secrets or child data.","app/api/health/route.ts; processor/server.ts; infra/gcp/main.tf","processor/server.test.ts; tests/e2e/workflow-contracts.spec.ts","EXISTING","PASS","","","","PASS","2026-07-15"
"RUNTIME-010","Operations","Operator","Structured observability","As an Operator, I want request and processing events correlated without collecting sensitive content.","Logs and support events use correlation, assessment, run, attempt, adapter, latency, and safe error-category fields; they never log video URLs, access tokens, model payloads, notes, names, or uploaded filenames.","lib/help-review/server-events.ts; processor/server.ts; infra/gcp/main.tf; docs/specs/help-review-production-platform/operations-runbook.md; docs/specs/help-review-production-platform/deployment-evidence.md","processor/server.test.ts; lib/help-review/server-events.test.ts; tests/e2e/workflow-contracts.spec.ts; terraform validate; QA1 deployed log inspection and synthetic metric signal; clean final plan","PARTIAL","PARTIAL_PASS","OPS-002; OPS-004","QA1 now has both metrics, policies, an enabled development email channel, dashboard, safe deployed outcome inspection, and a payload-free signal with metric value one. The final organization operations address and notification receipt still require owner acceptance.","Deployed the observability stack; verified the structured Vertex failure contained only allowlisted fields; generated a synthetic metric signal; fixed fresh-project metric propagation with a one-time 90-second guard; suppressed only server-injected dashboard JSON drift; final Terraform refresh is clean.","PENDING_CLOSURE","2026-07-15"
"RUNTIME-011","Deployment","Operator","Reproducible Google Cloud deployment","As an Operator, I want organization-owned infrastructure described as code.","Terraform and Cloud Build define private GCS, Eventarc, Cloud Run web and processor services, service accounts, least-privilege IAM, secrets, database connectivity, health checks, and immutable image deployment.","infra/gcp/main.tf; infra/gcp/cloudbuild.yaml; Dockerfile; Dockerfile.processor; docs/specs/help-review-production-platform/deployment-evidence.md","terraform fmt/validate; Cloud Builds 3e2638c3-4665-4d27-96f4-2d2ba7122cda and 7e8bd1d7-a3e0-40ab-94fc-e91a39e1a442; QA1 provider smoke; QA2 managed identity/rollback/rotation; final no-change plan","PARTIAL","PARTIAL_PASS","DEPLOY-001","The exact sanitized QA2 candidate is applied to the development project with managed identity, immutable digests, Ready services, provider lifecycle, recovery drills, and a clean plan. Organization-owned staging/production and backend handoff remain unrecorded; Neon is in AWS us-east-1 and still needs explicit acceptance or Cloud SQL replacement for an all-GCP boundary.","QA2 fixed quota-project attribution, declared Cloud Resource Manager, stabilized the GCS service-agent IAM address, restored Eventarc publishing, granted the web service account only the provider user-lifecycle role it needs, and ignores only Cloud Run operational revision metadata. Final refresh is clean with IAM and services Ready.","PENDING_CLOSURE","2026-07-15"
"RUNTIME-012","Deployment","Release manager","Release rollback and recovery","As a Release manager, I want releases proven reversible before real-data launch.","The runbook covers migration order, smoke checks, traffic promotion, application rollback, database restore, failed-job recovery, key rotation, and incident escalation with recorded staging evidence.","docs/specs/help-review-production-platform/operations-runbook.md; docs/specs/help-review-production-platform/deployment-evidence.md; scripts/database-recovery-drill.ts; scripts/shared-rate-limit-drill.ts; infra/gcp/main.tf","six-migration isolated logical backup/restore; 12-concurrent-increment PostgreSQL drill; QA2 immutable rollback/roll-forward; session-secret rotation, old-cookie rejection, recovery sign-in; final no-change plan","EXISTING","PASS","OPS-003; DEPLOY-IDENTITY-002","The first recovery pass lacked application rollback and secret rotation, and an out-of-band rotation revision produced harmless operational metadata drift.","QA2 rolled back to QA1 and forward in 44 seconds each with health and managed-session continuity, rotated the session secret in 14 seconds, rejected the old cookie, restored Google sign-in, retained the failed-run/metric and six-migration logical restore evidence, and ended on a zero-change Terraform plan. Final notification receipt remains tracked by RUNTIME-010 rather than release reversibility.","PASS","2026-07-15"
"QUALITY-001","Accessibility","Keyboard user","Keyboard-complete workflows","As a Keyboard user, I want every workflow operable without a pointer.","All interactive controls have visible focus, logical order, native semantics, no keyboard trap outside open dialogs, Escape where appropriate, and focus restoration after dialogs or mobile overlays close.","components; app; docs/quality/accessibility-manual-acceptance-2026-07-15.md","tests/e2e/accessibility.spec.ts; tests/e2e/user-story-behaviors.spec.ts; 2026-07-15 all-workflow manual keyboard execution","EXISTING","PASS","A11Y-002; A11Y-004; A11Y-005","The first automated audit found a mobile review focus defect; the manual full Educator and Admin keyboard pass then found lost focus after cancelling staff provisioning and closing job details.","The mobile editor focus lifecycle, provision-form trigger restoration, and job-detail row restoration are implemented and regression-tested; the complete keyboard path was repeated through sign-in, roster, intake, processing, review, finalization, access, and jobs.","PASS","2026-07-15"
"QUALITY-002","Accessibility","Screen-reader user","Names states and announcements","As a Screen-reader user, I want controls, progress, errors, selections, and status changes conveyed programmatically.","Pages have one useful H1, controls have accessible names, current navigation and selected credit are exposed, tables have headers, and asynchronous errors/progress/success use appropriate live announcements.","components; app; docs/quality/accessibility-manual-acceptance-2026-07-15.md","tests/e2e/accessibility.spec.ts; 2026-07-15 Chromium accessibility-tree inspection","PARTIAL","PARTIAL_PASS","A11Y-003","Automated names, states, headings, live regions, axe checks, and representative Chromium accessibility-tree inspection pass; an actual supported screen-reader session has not been recorded.","","PENDING_CLOSURE","2026-07-15"
"QUALITY-003","Responsive UX","Mobile and desktop user","Responsive reflow","As a user on supported viewports, I want complete workflows without overlap or clipped actions.","At 360, 768, and 1280 CSS pixels and 200 percent zoom, text reflows, controls remain reachable, fixed-format elements remain stable, and no page has unintended horizontal scrolling.","app/globals.css; components; app","tests/e2e/accessibility.spec.ts; tests/e2e/stress-layout.spec.ts","EXISTING","PASS","","","","PASS","2026-07-15"
"QUALITY-004","Visual QA","Product stakeholder","Canonical screen states","As a Product stakeholder, I want every approved screen and failure state rendered consistently with the design system.","All 45 canonical desktop and responsive states render the intended shell, typography, spacing, color, controls, content density, and state-specific actions without unrelated visual language.","tests/e2e/screen-catalog.ts; app/globals.css; components; app","tests/e2e/screen-catalog.spec.ts; tests/e2e/visual-smoke.spec.ts","EXISTING","PASS","","","","PASS","2026-07-15"
"QUALITY-005","Resilience","User","Recoverable network failures","As a user, I want interrupted reads and writes to fail honestly and recover without losing confirmed state.","Loading, offline, timeout, server, conflict, missing-video, and expired-session paths show safe actions; writes remain idempotent; retries never duplicate assessments, attempts, decisions, assignments, or final records.","lib/help-review/client-http.ts; components; app/api; lib/help-review; docs/specs/help-review-production-platform/deployment-evidence.md","tests/e2e/workflow-contracts.spec.ts; tests/e2e/screen-catalog.spec.ts; QA1 GCS/Eventarc/Vertex fail-closed smoke","PARTIAL","PARTIAL_PASS","RESILIENCE-001","Synthetic failures plus live GCS/Eventarc/Vertex fail-closed behavior, managed-identity verification/reset/deactivation/recovery, immutable rollback, and secret-rotation recovery pass. Target-provider database point-in-time recovery, storage outage, and final scoring-contract/network-partition drills are not all recorded.","QA1 preserved one processing attempt with no partial result and redacted diagnostics. QA2 added provider recovery, shared abuse limits, 44-second rollback/forward, 14-second session-secret rotation, old-session rejection, and successful recovery sign-in.","PENDING_CLOSURE","2026-07-15"
"QUALITY-006","Performance","Pilot user","Performance budgets","As a Pilot user, I want core screens and interactions responsive on representative data and media.","Navigation and API latency stay within declared pilot budgets, list/search interactions avoid unnecessary network work, polling pauses in background tabs, video is range-streamed, and large rosters or suggestion sets remain usable.","components; lib/help-review; app/api","tests/e2e/performance-contracts.spec.ts","EXISTING","PASS","","","","PASS","2026-07-15"
"QUALITY-007","Compatibility","Release manager","Automated quality gates","As a Release manager, I want regressions blocked before deployment.","CI installs from the lockfile and requires format or lint, typecheck, unit, build, migration/schema, E2E behavior, accessibility, and selected visual checks with retained failure artifacts.",".github/workflows/quality.yml; package.json; playwright.config.ts; vitest.config.ts","local full quality run; organization CI workflow execution","PARTIAL","PARTIAL_PASS","CI-001","The workflow gates 165 unit/service tests, catalogue validation, six migrations, shared-rate-limit concurrency, managed-identity production build, processor build, 46 behavioral, 6 accessibility, and 52 visual tests with failure artifacts. The complete post-QA2 local run passes; the organization-hosted CI run and artifact-retention observation are not yet recorded.","Added the managed configuration-loading regression, retained selected identity, catalogue, database, browser, accessibility, visual, Terraform, and diagnostics gates, and repeated the full suite after every QA2 identity/infrastructure/UX fix.","PENDING_CLOSURE","2026-07-15"
"QUALITY-008","Acceptance","Pilot stakeholder","Permissioned end-to-end acceptance","As a Pilot stakeholder, I want the exact deployed build proven across educator, administrator, privacy, failure, and recovery journeys before real data is enabled.","A versioned staging release passes every story in this tracker with approved identities and synthetic data, records defects and fixes, reruns the full suite after fixes, and has no open critical, high, logistical, or UX defect.","docs/quality/help-review-feature-status.csv; docs/specs/help-review-production-platform/deployment-evidence.md","canonical tracker; full post-QA2 local regression; digest-pinned QA1 provider smoke; QA2 live managed identity and recovery drills","MISSING","INCOMPLETE","ACCEPT-001","Digest-pinned QA2 is deployed with managed identities and recovery evidence, but it is not yet the versioned permissioned staging release with authoritative content, Yi's accepted contract, approved roster, remaining provider drills, and required user/owner sign-offs.","The candidate has immutable web/processor digests, Ready revisions, 137 passing canonical stories, full local regression, managed provider setup/recovery/deactivation/reactivation, safe GCS/Eventarc/Vertex evidence, observability, rollback, secret rotation, and a clean Terraform plan.","PENDING_CLOSURE","2026-07-15"
